rate,pop_idx,pop_name,n_trials_with_both_peaks,f0_hz_mean,f0_hz_std,flow_hz_mean,flow_hz_std,flow_over_f0_mean,flow_over_f0_std,flow_over_f0_sem,freq_resolution_hz_mean,consistent_with_0.5_subharmonic
05.0,0,L23E,10.0,77.734375,2.4228898523344267,39.16015625,2.8219107962499783,0.5036605048944638,0.0312908874671869,0.009895047440432785,0.244140625,False
05.0,1,L23I,10.0,78.3935546875,2.2565955520010386,38.1591796875,1.9668099669065264,0.4872441856617356,0.030775672969228826,0.009732122310724017,0.244140625,False
05.0,2,L4E,10.0,78.80859375,1.95921900856825,39.208984375,1.8953029463554214,0.4978623795639467,0.028567716657260614,0.009033905218727533,0.244140625,True
05.0,3,L4I,10.0,79.1259765625,2.401612540099943,39.0625,1.3810679320049757,0.4940830779938241,0.02291895736728423,0.007247610687691441,0.244140625,False
05.0,4,L5E,10.0,79.2724609375,2.8519089951324657,39.2333984375,2.339026318054165,0.4956507317762827,0.03727925622288403,0.01178873591413192,0.244140625,False
05.0,5,L5I,10.0,79.5166015625,1.3668483737390469,39.599609375,2.4918827095058123,0.49832260265875306,0.035603576661852945,0.011258839509986985,0.244140625,True
05.0,6,L6E,10.0,78.22265625,2.5688317287176634,39.3310546875,2.2210983242328175,0.5032340834910823,0.03172655339051568,0.010032817102096707,0.244140625,False
05.0,7,L6I,10.0,80.322265625,2.596526063402314,40.576171875,2.917908903521344,0.5058629509955901,0.04283884769037832,0.013546833103863913,0.244140625,False
05.25,0,L23E,9.0,78.09787326388889,1.4517873351978574,38.57421875,1.906799237281898,0.49386247795785426,0.02113590394103661,0.0070453013136788705,0.244140625,False
05.25,1,L23I,10.0,79.1015625,2.518845628343451,39.6240234375,2.578738361183833,0.5011030425399461,0.031859552630403846,0.010074875154608481,0.244140625,True
05.25,2,L4E,10.0,78.076171875,1.9760482045281496,38.8916015625,2.112909816740118,0.49833430153217817,0.028192579273920076,0.008915276362044353,0.244140625,True
05.25,3,L4I,10.0,77.783203125,2.2965950424032604,39.599609375,1.4411421628371521,0.509403201704526,0.02164462989198352,0.00684463295700322,0.244140625,False
05.25,4,L5E,10.0,80.517578125,2.0677620394735996,39.84375,1.95921900856825,0.4954204345782783,0.0328928856626299,0.01040164375094073,0.244140625,False
05.25,5,L5I,10.0,79.7607421875,2.699198846518212,38.9892578125,2.0621494290687816,0.48927333648421334,0.029494532937590964,0.009326990260564435,0.244140625,False
05.25,6,L6E,10.0,79.0771484375,3.0350562948850226,38.818359375,2.0361321619786463,0.4916244759820157,0.03313675005897042,0.010478760444206538,0.244140625,False
05.25,7,L6I,10.0,79.1748046875,2.347505174946433,38.9892578125,2.6346331852858866,0.49269653740421526,0.034275658760106506,0.010838914998463942,0.244140625,False
05.51,0,L23E,9.0,79.02018229166667,2.053540507966397,39.876302083333336,2.3385307691245134,0.5049112394400534,0.0316449949199872,0.010548331639995733,0.244140625,False
05.51,1,L23I,10.0,78.8330078125,2.6431660260957157,39.3310546875,2.135978562776493,0.49903708293035737,0.0246742068328558,0.007802669304991387,0.244140625,True
05.51,2,L4E,10.0,78.8330078125,1.6893010202683048,40.52734375,1.6357219435418116,0.5145081753597858,0.027928858906185357,0.008831880659302462,0.244140625,False
05.51,3,L4I,10.0,78.5888671875,2.120419071211388,37.841796875,2.0587745183387884,0.48199173103942794,0.032354276929149405,0.010231320714395035,0.244140625,False
05.51,4,L5E,10.0,79.638671875,2.752047152477522,40.087890625,1.614530829119433,0.5038511001401795,0.02515780485422525,0.00795559642693921,0.244140625,False
05.51,5,L5I,10.0,77.783203125,1.5872270324394397,39.990234375,2.0322252850271627,0.5143150642081747,0.02805320302131491,0.008871201721047222,0.244140625,False
05.51,6,L6E,10.0,76.8798828125,1.4069600137792853,40.478515625,1.91822663002423,0.5265738988581672,0.024496115037699173,0.007746351734463078,0.244140625,False
05.51,7,L6I,10.0,79.1259765625,2.4802946628679323,40.3564453125,2.1097730724085006,0.510324796982393,0.02828034463078498,0.00894303020477941,0.244140625,False
05.76,0,L23E,10.0,79.00390625,2.3870911253086557,39.697265625,1.9230540999663972,0.5030139020089235,0.03126422142083132,0.00988661489616526,0.244140625,True
05.76,1,L23I,10.0,78.1005859375,1.2419483693056415,39.5263671875,2.610389902962549,0.5062877447769702,0.03553903081966314,0.011238428322505628,0.244140625,False
05.76,2,L4E,10.0,79.833984375,2.1866908923412116,38.57421875,2.1897174555784034,0.4832417358061617,0.025197225399798906,0.007968062298001134,0.244140625,False
05.76,3,L4I,10.0,79.7119140625,2.487759825461063,38.57421875,2.0906954066837775,0.4838008958286141,0.01807126272472367,0.005714635040542722,0.244140625,False
05.76,4,L5E,10.0,79.931640625,2.8937502167795244,40.673828125,2.2587956066836674,0.509209339477008,0.02895718962774226,0.009157067386106884,0.244140625,False
05.76,5,L5I,10.0,79.1259765625,2.250718225828672,39.5751953125,2.1421707153899385,0.50044598262029,0.02927710644638715,0.009258233966978172,0.244140625,True
05.76,6,L6E,10.0,78.02734375,1.578859936559606,38.76953125,2.248804787498567,0.4968510514390531,0.0269841303688351,0.008533131264443836,0.244140625,False
05.76,7,L6I,10.0,77.4658203125,1.4376914224006414,39.3798828125,2.2109371645103053,0.5083091006415701,0.026235310165197062,0.008296333524299105,0.244140625,False
06.02,0,L23E,10.0,78.5888671875,2.815449427941499,38.330078125,1.8450169350186578,0.48834022375859093,0.030063290933362397,0.009506847330971449,0.244140625,False
06.02,1,L23I,10.0,80.2490234375,2.1746947891627983,38.5986328125,2.493609632186826,0.48094048564031705,0.02712036264851796,0.008576211693907328,0.244140625,False
06.02,2,L4E,10.0,79.9072265625,1.7644685542020588,38.525390625,2.1339622444738433,0.4823408293422996,0.028737366366932807,0.009087553167422576,0.244140625,False
06.02,3,L4I,10.0,78.1005859375,2.011425075061795,39.4775390625,1.915635481158028,0.5059984004399574,0.03188730442888577,0.010083651043845369,0.244140625,False
06.02,4,L5E,10.0,77.9052734375,1.2630984357871542,38.0615234375,1.7280603876158582,0.4885527797004684,0.02039419253092106,0.006449209943770448,0.244140625,False
06.02,5,L5I,10.0,80.322265625,2.313260156828108,39.501953125,1.9524467138187533,0.49245673734510154,0.03335300990868193,0.010547147813359947,0.244140625,False
06.02,6,L6E,10.0,80.17578125,1.8671393749609357,38.916015625,1.9907402150287312,0.4857082683983075,0.02882215779067107,0.009114366569928714,0.244140625,False
06.02,7,L6I,10.0,78.125,2.0587745183387884,38.623046875,1.9524467138187533,0.49488399445069337,0.03198072527349236,0.010113193308834718,0.244140625,False
06.27,0,L23E,10.0,79.1748046875,2.4415418799131627,38.5498046875,2.1015956266266937,0.4877491131662392,0.03754513386652005,0.01187281380741276,0.244140625,False
06.27,1,L23I,10.0,79.6142578125,2.291542974659632,39.16015625,2.088159692704378,0.4920304602937769,0.02576514913114314,0.008147655550832068,0.244140625,False
06.27,2,L4E,10.0,80.517578125,2.3411489111144954,39.599609375,2.4435754252391035,0.4920301705636597,0.03092044018519026,0.009777901724019978,0.244140625,False
06.27,3,L4I,10.0,78.7353515625,1.6767088035511486,39.013671875,2.25468710146441,0.49561070429500403,0.028698400640556773,0.009075231122819459,0.244140625,False
06.27,4,L5E,10.0,79.98046875,2.826600696105783,40.4296875,2.7288471840575466,0.5064370161942067,0.04411077158694681,0.013949050756219198,0.244140625,False
06.27,5,L5I,10.0,77.685546875,1.7560031196954657,39.404296875,1.9264948865788154,0.5073819794635984,0.02568350621080629,0.008121837792522854,0.244140625,False
06.27,6,L6E,10.0,79.0771484375,2.1141632113731097,39.8193359375,2.3877846238054077,0.5040408341545513,0.03603216327333758,0.011394370496681497,0.244140625,False
06.27,7,L6I,10.0,78.90625,2.4190600590480766,40.2099609375,2.7837503649989195,0.5098977938931267,0.037132470596182264,0.01174231822331664,0.244140625,False
06.53,0,L23E,10.0,79.78515625,2.5832288167176363,39.55078125,2.9900997836708716,0.4955891450112861,0.032028112607155344,0.010128178499496456,0.244140625,False
06.53,1,L23I,10.0,79.736328125,2.0204593273024383,39.9169921875,2.699689520735412,0.5007307947364292,0.033371505011704834,0.01055299647847113,0.244140625,True
06.53,2,L4E,10.0,79.6630859375,1.7682179603727186,39.5263671875,3.16117855134911,0.4962036329503965,0.038293860028358426,0.01210958180892927,0.244140625,False
06.53,3,L4I,10.0,78.3203125,1.3510095032192144,39.16015625,2.1196380984504826,0.5002040223347048,0.02962213002967579,0.009367340003944664,0.244140625,True
06.53,4,L5E,10.0,78.7353515625,2.3395925311629315,38.7939453125,2.4722712603597707,0.49307583094028,0.03417467008947049,0.010806979576755704,0.244140625,False
06.53,5,L5I,10.0,79.5166015625,2.6621405417058552,39.8681640625,2.7163197067654834,0.5015353941741558,0.0328360048229572,0.010383656450081869,0.244140625,True
06.53,6,L6E,10.0,78.1494140625,1.9715184790374922,38.5986328125,1.9882435706598107,0.49414369164601535,0.027603481171762957,0.008728987185234448,0.244140625,False
06.53,7,L6I,10.0,78.61328125,2.338884743359361,39.6728515625,3.034619847328138,0.5045422963408589,0.03394368965153786,0.010733937148874675,0.244140625,False
06.78,0,L23E,10.0,78.271484375,2.7578166496958865,39.990234375,2.2011804438547107,0.5114530182845085,0.033104098956938374,0.010468435259152956,0.244140625,False
06.78,1,L23I,10.0,78.5400390625,2.336193194051654,39.3798828125,1.8343972673568338,0.5018132581508796,0.027870938004341934,0.008813564461906837,0.244140625,True
06.78,2,L4E,10.0,79.4677734375,2.50103505218576,39.1845703125,1.8494984012635924,0.493422497530741,0.02562782930667735,0.008104231209511427,0.244140625,False
06.78,3,L4I,10.0,79.6875,2.6324956535359023,41.3330078125,2.9724392638379347,0.5193667890331755,0.043743615721127053,0.013832945876991038,0.244140625,False
06.78,4,L5E,10.0,77.978515625,1.6405733292127802,40.8447265625,2.261286414388429,0.5242044066096865,0.03464700655668773,0.010956345482592098,0.244140625,False
06.78,5,L5I,10.0,77.9541015625,1.500797554195411,40.625,2.3591840272347997,0.5211040954697701,0.027921393721099957,0.008829519960500005,0.244140625,False
06.78,6,L6E,10.0,78.90625,2.372062070603734,39.7705078125,2.635638482731719,0.504885895789727,0.04298904262245891,0.013594328911702808,0.244140625,False
06.78,7,L6I,10.0,80.46875,2.3870911253086557,39.4287109375,1.8242603980680252,0.48992313543152743,0.015129452937489022,0.0047843531034790394,0.244140625,False
07.03,0,L23E,10.0,79.5166015625,2.1347379768941273,39.84375,2.732727523286141,0.501220662978145,0.03396173391527071,0.010739643246084334,0.244140625,True
07.03,1,L23I,10.0,79.1015625,1.7031615833704712,39.55078125,1.925807221061073,0.49994860979667105,0.020269117037703135,0.00640965759996669,0.244140625,True
07.03,2,L4E,10.0,78.4423828125,2.1254105015605274,39.4287109375,2.2025339522663345,0.5032830925966892,0.036115818627646866,0.01142082464249007,0.244140625,False
07.03,3,L4I,10.0,78.7353515625,1.5060836200619911,39.6728515625,2.4284868670860633,0.5037210849324166,0.026382956986374766,0.008343023548719618,0.244140625,False
07.03,4,L5E,10.0,79.541015625,2.8021275021689247,38.9404296875,2.4797605770170232,0.4898247081716864,0.030996670802923156,0.009802007961967734,0.244140625,False
07.03,5,L5I,10.0,78.5400390625,1.8162560258406446,39.94140625,2.046514037630196,0.5087155789538332,0.026693395497774695,0.00844119282566521,0.244140625,False
07.03,6,L6E,10.0,79.9560546875,2.5063254548233225,39.697265625,2.3252534388661306,0.49705324955554725,0.035135644872440204,0.011110866485572732,0.244140625,True
07.03,7,L6I,10.0,79.6142578125,2.268304519190024,39.794921875,2.1714948021038953,0.5001515130440526,0.02988692779383107,0.00945107640934974,0.244140625,True
07.8,0,L23E,10.0,79.345703125,2.463012036201425,38.8916015625,2.128524201591451,0.49073485517363213,0.033394426037805826,0.01056024474334986,0.244140625,False
07.8,1,L23I,10.0,78.8818359375,2.789454290450343,40.185546875,1.9538030507060713,0.5097557365117121,0.02594096821724346,0.008203254427652695,0.244140625,False
07.8,2,L4E,10.0,79.4921875,2.0006956374178704,39.16015625,1.6804569660338942,0.4928750068483915,0.023389155577539112,0.007396300417305458,0.244140625,False
07.8,3,L4I,10.0,79.052734375,1.7784880702666321,39.599609375,2.195154753810062,0.5014095842491886,0.03424452352907742,0.010829069173911195,0.244140625,True
07.8,4,L5E,10.0,78.8818359375,2.504210634951048,40.0146484375,2.4235731071497155,0.5076681619405476,0.03374133686250288,0.010669947578450868,0.244140625,False
07.8,5,L5I,10.0,79.6630859375,2.3783357183510847,40.4541015625,2.8356069156708226,0.5079999443497496,0.03570690635027824,0.01129151522652093,0.244140625,False
07.8,6,L6E,10.0,78.90625,2.0837147681416925,40.3564453125,3.031999842654638,0.5117612164149101,0.04038035485354653,0.012769389406304198,0.244140625,False
07.8,7,L6I,10.0,79.6875,3.0864456552431143,38.0615234375,1.7697154986130845,0.47800521920011263,0.023298497218160515,0.0073676317268484125,0.244140625,False
07.29,0,L23E,10.0,79.1015625,3.038436637792069,38.7451171875,2.375549475925058,0.49010170400785436,0.029135802854023576,0.009213549847634886,0.244140625,False
07.29,1,L23I,10.0,78.076171875,2.0125771412304205,38.57421875,2.293131966732645,0.49432629695836,0.03184176721524813,0.010069250912506107,0.244140625,False
07.29,2,L4E,10.0,77.6611328125,1.7126619038152442,39.453125,2.672444759345546,0.5081419212599517,0.03443193208781262,0.010888332963772462,0.244140625,False
07.29,3,L4I,10.0,77.9296875,1.4319217088491387,39.2333984375,2.7211915960836035,0.5037168675611838,0.038218471293189525,0.012085741797623974,0.244140625,False
07.29,4,L5E,10.0,78.61328125,2.3614287318598484,40.087890625,1.3656365210548849,0.5103635529158915,0.02365866794788634,0.007481527712094265,0.244140625,False
07.29,5,L5I,10.0,79.1015625,1.8087655249750056,38.2080078125,1.838724532502442,0.4835555444488662,0.03157368580916628,0.00998447612835019,0.244140625,False
07.29,6,L6E,10.0,79.8828125,1.785920146399115,39.501953125,2.099546288619414,0.4949511088642269,0.03239725100817918,0.010244910311403252,0.244140625,False
07.29,7,L6I,10.0,79.00390625,2.0237345107252023,40.13671875,2.8522573057159453,0.5083095221797065,0.03830104046435027,0.012111852462161997,0.244140625,False
07.54,0,L23E,10.0,79.6142578125,2.262457610330938,39.0625,2.44140625,0.4908286123797364,0.030648170815867466,0.009691802589604217,0.244140625,False
07.54,1,L23I,10.0,78.90625,1.85860708640888,39.9169921875,2.3196928407778685,0.5060914928756552,0.030913222951432236,0.009775619434311857,0.244140625,False
07.54,2,L4E,10.0,77.880859375,1.5988674075836995,39.9658203125,2.5606977953526275,0.5134809878901628,0.03644891835511508,0.01152616002516816,0.244140625,False
07.54,3,L4I,10.0,78.5888671875,1.8537904164755756,38.7939453125,1.51135119762388,0.49409995821124025,0.027584451526435877,0.008722969483004573,0.244140625,False
07.54,4,L5E,10.0,79.345703125,2.510945413499595,39.208984375,2.2173680163966667,0.49426413940534186,0.025975580728026224,0.008214199864613761,0.244140625,False
07.54,5,L5I,10.0,78.4423828125,2.0460285640051397,39.697265625,2.3507472949063555,0.5062756877357432,0.031100772349950567,0.00983492776162311,0.244140625,False
07.54,6,L6E,10.0,79.0771484375,2.0048291396909215,38.9892578125,2.1097730724085006,0.49318523488699617,0.026621931759249966,0.008418594007280325,0.244140625,False
07.54,7,L6I,10.0,77.734375,2.010601766495086,38.427734375,1.9367805703962913,0.49434712833884537,0.021309945420625857,0.00673879643430526,0.244140625,False
08.05,0,L23E,10.0,78.564453125,1.7332264989549657,40.625,2.3422801742445944,0.5169423141983498,0.024032842189828874,0.007599851996724796,0.244140625,False
08.05,1,L23I,10.0,79.1015625,1.9463315011558264,40.185546875,2.420154904118409,0.5083350371509253,0.03394828986737365,0.010735391864851625,0.244140625,False
08.05,2,L4E,10.0,78.4423828125,2.6220344463652436,39.3798828125,1.5782306161586432,0.5026245280361399,0.027822963343055677,0.008798393541942869,0.244140625,True
08.05,3,L4I,10.0,78.6865234375,2.639655843901467,39.990234375,2.7059378177891156,0.5085432753422354,0.035414726166303215,0.01119911973966812,0.244140625,False
08.05,4,L5E,10.0,77.392578125,1.9900747494527156,39.892578125,2.3787533732350403,0.5158851790804997,0.03530105267962733,0.01116317302692126,0.244140625,False
08.05,5,L5I,10.0,78.8330078125,2.0666407368171558,40.52734375,2.177585963583928,0.5143947758931899,0.03016031380221896,0.009537528656042503,0.244140625,False
08.05,6,L6E,10.0,79.78515625,2.3354843760511605,39.208984375,1.461222375485901,0.49174064649172083,0.02153630287838001,0.006810376947492107,0.244140625,False
08.05,7,L6I,10.0,77.63671875,1.3122164303871338,39.1357421875,1.5907697217481702,0.5043007780391261,0.024225126148562426,0.007660657523435981,0.244140625,False
08.31,0,L23E,10.0,78.41796875,2.764053348353357,38.0126953125,2.44966593257533,0.4857578811328206,0.042336205015043295,0.013387883533537991,0.244140625,False
08.31,1,L23I,10.0,78.466796875,2.4283505080153986,40.4052734375,2.0787825153718753,0.515480824961801,0.03237853615100509,0.010238992153927765,0.244140625,False
08.31,2,L4E,10.0,78.662109375,1.869266361838132,39.0869140625,1.7584528757351157,0.49718533262290254,0.026249104288494068,0.008300695609093479,0.244140625,True
08.31,3,L4I,10.0,80.1513671875,2.3949851041050527,39.599609375,2.124631363552177,0.4941785400847589,0.024899450566015172,0.007873897627537669,0.244140625,False
08.31,4,L5E,10.0,79.248046875,2.8359572284667323,38.7451171875,2.884236742909988,0.4894135399925915,0.04008697812919245,0.01267661554016037,0.244140625,False
08.31,5,L5I,10.0,79.4189453125,1.4238048307946278,40.0390625,1.8486029771485266,0.5043149130678154,0.025398932867536226,0.00803184779991262,0.244140625,False
08.31,6,L6E,10.0,79.833984375,2.1806251638955505,39.4775390625,2.201932495687052,0.49466501322985607,0.027292806540118734,0.00863074324051149,0.244140625,False
08.31,7,L6I,10.0,79.1748046875,3.2573438633110827,40.0634765625,1.5502876288321201,0.5064668452404388,0.02166468043605426,0.0068509734957621325,0.244140625,False
08.56,0,L23E,10.0,80.322265625,2.711316935051706,39.94140625,1.9874106589016487,0.4975292836912663,0.02528327638745628,0.007995274009591567,0.244140625,True
08.56,1,L23I,10.0,79.6875,2.392633485045474,39.501953125,1.9524467138187533,0.49608849415052864,0.028201772987184782,0.008918183669451449,0.244140625,False
08.56,2,L4E,10.0,79.0283203125,2.042789124728292,40.4296875,2.0754346522519636,0.5120741057990155,0.03267690272475892,0.010333343949000037,0.244140625,False
08.56,3,L4I,10.0,78.662109375,1.9524467138187533,39.501953125,2.388755183457986,0.5023195243194752,0.03024504597345682,0.00956432332126281,0.244140625,True
08.56,4,L5E,10.0,78.7353515625,1.353213635116853,40.8935546875,1.8423228227004835,0.5197339565868992,0.029593049839467384,0.009358144040359714,0.244140625,False
08.56,5,L5I,10.0,78.4912109375,1.4523574460916948,38.5986328125,2.0310843636559928,0.49176550294404126,0.024449540120580038,0.007731623452470075,0.244140625,False
08.56,6,L6E,10.0,79.4921875,2.7983433984814394,39.5263671875,3.069771056445294,0.4978404869806322,0.043044788267092855,0.01361195723237057,0.244140625,True
08.56,7,L6I,10.0,79.39453125,1.9113090935012598,40.087890625,1.5938890849407672,0.5053315374110354,0.026509561874315992,0.008383059529600084,0.244140625,False
08.81,0,L23E,10.0,78.6376953125,2.340158607273602,39.2333984375,3.151946975505131,0.4999968219022741,0.051015807156154475,0.016132614728536544,0.244140625,True
08.81,1,L23I,10.0,79.0771484375,2.1421707153899385,38.37890625,2.4381488686294275,0.4854835537113539,0.0301875248885913,0.00954613355709692,0.244140625,False
08.81,2,L4E,10.0,78.857421875,2.0000334842845877,40.0634765625,2.3145481238561323,0.5082917630161281,0.03145404201654701,0.009946641439092416,0.244140625,False
08.81,3,L4I,10.0,78.61328125,2.222737676391221,39.8681640625,2.28749328686413,0.5074795269673726,0.032098307960564926,0.01015037621928993,0.244140625,False
08.81,4,L5E,10.0,77.8564453125,1.7994045567813222,39.0380859375,1.8644772291628957,0.501568785459052,0.02476663669818446,0.007831898194817506,0.244140625,True
08.81,5,L5I,10.0,79.443359375,2.3195500860566174,39.3310546875,2.2418733466070524,0.4954214845725655,0.030566984009927727,0.009666129067331851,0.244140625,False
08.81,6,L6E,10.0,80.908203125,2.1690535480413646,40.4296875,2.3224035132470013,0.49961231038711007,0.023917731228666753,0.007563450714632447,0.244140625,True
08.81,7,L6I,10.0,77.4658203125,1.4376914224006414,41.2841796875,1.5882698201693246,0.5329833391159686,0.01953583237824031,0.006177772630250343,0.244140625,False
09.07,0,L23E,10.0,79.6142578125,2.3960909497620895,39.3798828125,2.0492628824388754,0.49520541346285485,0.03274452487585541,0.010354727950774535,0.244140625,False
09.07,1,L23I,10.0,79.3701171875,2.577196975295258,39.501953125,1.9558357924218492,0.49824676070613616,0.0312070471275955,0.009868534797141703,0.244140625,True
09.07,2,L4E,10.0,78.61328125,2.0779858943365404,39.794921875,2.313260156828108,0.5063845895481774,0.029751940934244544,0.009408389816301066,0.244140625,False
09.07,3,L4I,10.0,78.41796875,1.3801085238085986,39.453125,2.223333504756404,0.5033626866373968,0.031942103536777025,0.010100980043313536,0.244140625,False
09.07,4,L5E,10.0,78.80859375,2.0837147681416925,40.234375,2.945019200047798,0.510707220204899,0.0380025805972075,0.012017471165129757,0.244140625,False
09.07,5,L5I,10.0,78.80859375,2.002680783238545,39.94140625,2.3422801742445944,0.507554375948711,0.039233528232434374,0.012406730985901261,0.244140625,False
09.07,6,L6E,10.0,79.541015625,2.02569707900027,41.1865234375,2.5320886549130774,0.5184597627388341,0.03960165412799595,0.012523142615467645,0.244140625,False
09.07,7,L6I,10.0,79.19921875,2.3023552597339836,39.9169921875,2.1508097796879087,0.5044230880032975,0.031471576123313263,0.00995218621050421,0.244140625,False
09.32,0,L23E,10.0,78.4423828125,2.4197443952690274,40.1611328125,2.6873957887302033,0.5126309515278297,0.040972132340000474,0.012956525878824588,0.244140625,False
09.32,1,L23I,10.0,79.638671875,2.11838794316718,38.8427734375,2.291542974659632,0.4876939186937669,0.024976952372512146,0.007898405850668476,0.244140625,False
09.32,2,L4E,10.0,80.2001953125,2.226458987679761,39.3310546875,1.6171949041404914,0.491126873194904,0.03185831480153771,0.01007448371875143,0.244140625,False
09.32,3,L4I,10.0,79.1015625,2.003342061375516,39.0869140625,1.910095948921086,0.49421695706971036,0.02283562251759847,0.007221257894343964,0.244140625,False
09.32,4,L5E,10.0,79.5166015625,2.5057969171846275,39.453125,2.627459307515896,0.4964471182337403,0.034295906580428075,0.010845317921450942,0.244140625,False
09.32,5,L5I,10.0,77.734375,1.6243456965982614,38.818359375,2.5162149794499196,0.49947414153650105,0.03242346252923874,0.010253199122151821,0.244140625,True
09.32,6,L6E,10.0,78.662109375,2.18305347774806,40.13671875,1.9538030507060713,0.5104589972630578,0.02576820734099918,0.008148622641702854,0.244140625,False
09.32,7,L6I,10.0,78.22265625,2.2879275248444766,39.453125,2.0849857135286296,0.5042591405026257,0.019236238695152386,0.006083032789134692,0.244140625,False
09.58,0,L23E,10.0,79.4921875,3.080001680668184,40.283203125,2.162325887953519,0.507255497763097,0.030004125621876418,0.009488137616694547,0.244140625,False
09.58,1,L23I,10.0,78.80859375,2.5909086339295446,39.208984375,2.6224132892087018,0.49815264575932827,0.038636469587925645,0.012217924464567225,0.244140625,True
09.58,2,L4E,10.0,78.7353515625,2.302499080533058,39.55078125,2.3670311803790667,0.5026870774598688,0.03278792847027001,0.010368453372473363,0.244140625,True
09.58,3,L4I,10.0,78.759765625,2.1102438812972584,39.4775390625,1.953294534742735,0.501265378317159,0.021651053947301144,0.006846664421665081,0.244140625,True
09.58,4,L5E,10.0,78.3447265625,1.8537904164755756,39.404296875,1.9907402150287312,0.503132448120359,0.026189270961625728,0.008281774649804547,0.244140625,False
09.58,5,L5I,10.0,80.1025390625,2.625568187114809,40.8935546875,2.6022586190298633,0.5106731163175436,0.030821464251509938,0.009746602785622819,0.244140625,False
09.58,6,L6E,10.0,78.90625,2.3832038043910324,39.5751953125,2.5694761761146507,0.5016772841243372,0.031675837743305985,0.010016779406277487,0.244140625,True
09.58,7,L6I,10.0,77.880859375,1.5483640617220418,39.1357421875,2.8888254606994734,0.5026552269982311,0.03777185991107868,0.01194451087798137,0.244140625,True
09.83,0,L23E,10.0,79.4189453125,2.809798273438132,38.4765625,1.715559647532729,0.48525952879819806,0.03150337999357499,0.009962243477347765,0.244140625,False
09.83,1,L23I,10.0,78.7353515625,2.387229841125102,40.72265625,2.4381488686294275,0.5175068789510491,0.03271193436096837,0.010344421925058467,0.244140625,False
09.83,2,L4E,10.0,79.5654296875,2.3822309830173953,38.8916015625,2.2139305820259185,0.4890131872280444,0.02833197567078657,0.00895935737321624,0.244140625,False
09.83,3,L4I,10.0,79.296875,2.4945390184462504,39.6728515625,2.7818464575418638,0.500649515058207,0.03686187786545349,0.011656749288577883,0.244140625,True
09.83,4,L5E,10.0,78.0029296875,1.9094023773844508,39.1357421875,1.8343972673568338,0.5016242009557733,0.017138809045443987,0.005419767296629926,0.244140625,True
09.83,5,L5I,10.0,78.90625,1.815344204895662,39.6240234375,2.375549475925058,0.5026882025602128,0.036732818492947863,0.011615937131526893,0.244140625,True
09.83,6,L6E,10.0,78.4912109375,1.7463593533426867,40.3076171875,2.194098556664912,0.5139802620522471,0.034379252844770156,0.010871674324429686,0.244140625,False
09.83,7,L6I,10.0,78.9794921875,2.657658820443999,40.771484375,2.310395437268618,0.5163029062036375,0.025774154957916424,0.008150503443313717,0.244140625,False
10.08,0,L23E,10.0,77.9052734375,2.117293451777578,40.1123046875,2.2554213120089495,0.5149199939358478,0.026333441543546228,0.008327365390850616,0.244140625,False
10.08,1,L23I,10.0,77.7587890625,2.0369451514947636,39.6728515625,1.0626273484049964,0.5106235812390347,0.02195189810197079,0.006941799696615488,0.244140625,False
10.08,2,L4E,10.0,79.1748046875,2.087683903454431,38.57421875,2.6941642834060624,0.4876211920151431,0.03797411338020597,0.012008469040692646,0.244140625,False
10.08,3,L4I,10.0,79.248046875,1.6606348881099882,39.5751953125,1.4532691583259245,0.49968452481801623,0.023549608894278918,0.007447040211208079,0.244140625,True
10.08,4,L5E,10.0,79.931640625,2.9727734522997067,39.3798828125,2.2139305820259185,0.4931319049369085,0.030550327808843262,0.009660861914072583,0.244140625,False
10.08,5,L5I,10.0,78.6865234375,2.6296009331790535,38.9404296875,2.4447947405273114,0.4954252271867146,0.03621494021420152,0.011452169640370291,0.244140625,False
10.08,6,L6E,10.0,79.6142578125,2.448043278876031,41.11328125,2.059417784881072,0.5166308292081105,0.02599217928448926,0.008219448789043172,0.244140625,False
10.08,7,L6I,10.0,79.5654296875,2.493609632186826,40.625,2.328099875773271,0.511187318925546,0.035976269741861494,0.011376695410088022,0.244140625,False
10.34,0,L23E,10.0,79.345703125,2.6244328607742675,38.4521484375,2.187447925734963,0.4853003125574462,0.0355497141719089,0.011241806695119875,0.244140625,False
10.34,1,L23I,10.0,78.3447265625,2.279953354401116,40.33203125,1.95921900856825,0.5151526039051545,0.028054173190795235,0.008871508515574642,0.244140625,False
10.34,2,L4E,10.0,79.3701171875,2.2536588048535915,39.4775390625,1.855932701955203,0.49769628029202845,0.025927011505162006,0.008198840927770235,0.244140625,True
10.34,3,L4I,10.0,78.955078125,1.4881678972216745,39.5751953125,2.4290322268205573,0.5016053538770943,0.03531872731225678,0.01116876223651284,0.244140625,True
10.34,4,L5E,10.0,80.4931640625,3.042901646281311,39.2333984375,2.097179179420059,0.487969332709789,0.030668822613463674,0.009698333261422299,0.244140625,False
10.34,5,L5I,10.0,78.41796875,1.6945852975026523,39.1357421875,2.694287189557145,0.49914552777990434,0.03364665897750244,0.01064000780238598,0.244140625,True
10.34,6,L6E,10.0,79.5166015625,3.031999842654638,39.7705078125,2.120419071211388,0.5006457309358889,0.030368469730205263,0.009603353340132775,0.244140625,True
10.34,7,L6I,10.0,78.41796875,3.0139256566427663,38.7451171875,2.4952026538349483,0.4948757641199867,0.039192976938309206,0.012393907540750967,0.244140625,False
10.59,0,L23E,10.0,80.126953125,2.611277726000183,40.0634765625,3.2090023053427346,0.5010189770019325,0.049482902133659204,0.01564786759775687,0.244140625,True
10.59,1,L23I,10.0,78.8818359375,2.17591259398408,38.9404296875,2.431212442429957,0.494394933424794,0.03957963453685341,0.012516179409352037,0.244140625,False
10.59,2,L4E,10.0,77.9052734375,2.3202637718327304,40.1123046875,2.4032665434227956,0.5154275047341813,0.03655760317573707,0.011560529183193393,0.244140625,False
10.59,3,L4I,10.0,79.7607421875,2.7979883763754523,40.4052734375,2.431212442429957,0.5068688125182089,0.03053450396072326,0.009655857973931805,0.244140625,False
10.59,4,L5E,10.0,78.662109375,2.210188176662494,40.1611328125,2.0434374234195505,0.5109250622682315,0.03008319882706683,0.009513142759723703,0.244140625,False
10.59,5,L5I,10.0,78.7841796875,1.9225374508459014,39.9658203125,1.8736898295263567,0.5075521429841598,0.02660491497015143,0.008413212826078913,0.244140625,False
10.59,6,L6E,10.0,78.90625,2.5156885195677163,40.33203125,2.086890680315704,0.5118198026312346,0.034696564506013106,0.010972017082195636,0.244140625,False
10.59,7,L6I,10.0,78.6865234375,2.0908537867004195,38.818359375,3.0817213913999817,0.4938948666227178,0.04439101060510546,0.01403767011488226,0.244140625,False
10.85,0,L23E,10.0,78.6376953125,1.5417200715033876,39.697265625,2.3843151142226544,0.5050924535394739,0.03366595667561564,0.010646110270349583,0.244140625,False
10.85,1,L23I,10.0,79.0771484375,2.398853333605151,39.8193359375,2.104744558010116,0.5035096338919005,0.020936180314754728,0.006620601529860586,0.244140625,False
10.85,2,L4E,10.0,78.955078125,2.1102438812972584,38.9404296875,1.994230266087703,0.4935351416902744,0.028737223332778655,0.009087507936051543,0.244140625,False
10.85,3,L4I,10.0,77.783203125,1.9907402150287312,40.380859375,2.433798911786295,0.5194443317989521,0.03409537027191602,0.01078190277260491,0.244140625,False
10.85,4,L5E,10.0,78.955078125,2.3166931443565217,39.306640625,1.9085350585219034,0.49849707371559393,0.03325686562390533,0.010516744320969754,0.244140625,True
10.85,5,L5I,10.0,79.4189453125,2.350324663321439,39.4775390625,2.745421364520128,0.4982124345803783,0.04736599447996316,0.014978442619564627,0.244140625,True
10.85,6,L6E,10.0,78.4912109375,2.753129854172733,40.0634765625,2.2536588048535915,0.5111008183731439,0.03548017264576009,0.011219815733660434,0.244140625,False
10.85,7,L6I,10.0,79.0771484375,2.58489471339188,40.5029296875,2.1141632113731097,0.5126578901622161,0.031175821084725636,0.00985866025536342,0.244140625,False
11.1,0,L23E,10.0,77.83203125,1.9993711118589759,39.4775390625,2.1989227451063065,0.5072027855091829,0.02450334299989057,0.007748637416799719,0.244140625,False
11.1,1,L23I,10.0,78.955078125,2.6625136779529335,39.55078125,2.0198036533188244,0.5011044070883958,0.02345391659679854,0.00741677964975084,0.244140625,True
11.1,2,L4E,10.0,77.9296875,1.5172553628152887,39.599609375,2.8490047509168055,0.5082038746007108,0.03577820478000599,0.011314061769674246,0.244140625,False
11.1,3,L4I,10.0,79.19921875,2.3815358673120666,39.94140625,3.0454035409204443,0.5049200368023913,0.04367044303878589,0.013809806643120832,0.244140625,False
11.1,4,L5E,10.0,78.515625,2.290820341178619,39.6484375,2.3843151142226544,0.5052449473538988,0.03170677352939359,0.010026562160801947,0.244140625,False
11.1,5,L5I,10.0,78.955078125,2.529864482776751,40.3076171875,2.117293451777578,0.5106161823477746,0.024238067517294442,0.007664749943559306,0.244140625,False
11.1,6,L6E,10.0,79.4677734375,2.217517349192499,40.283203125,2.14077904263768,0.5067808639846858,0.019618653211017446,0.006203962877179111,0.244140625,False
11.1,7,L6I,10.0,79.2724609375,2.2079396886681746,38.671875,2.144488163020912,0.48842056757942875,0.034756720778795734,0.010991040165949586,0.244140625,False
11.36,0,L23E,10.0,78.0029296875,1.6367338347264622,37.6953125,1.2352647110032733,0.48345057221073134,0.0190191015737294,0.006014368002307775,0.244140625,False
11.36,1,L23I,10.0,76.66015625,1.2815768024107765,39.453125,2.6475472093214765,0.5145409581207547,0.03159020162955001,0.009989698889334072,0.244140625,False
11.36,2,L4E,10.0,77.4658203125,1.2504513243656257,38.525390625,2.6087402871286236,0.4975281475929374,0.03635131312576827,0.011495294541540257,0.244140625,True
11.36,3,L4I,10.0,78.7841796875,2.455067032578473,39.3310546875,2.044085516497508,0.49958810695810935,0.028633258358217884,0.009054631324402193,0.244140625,True
11.36,4,L5E,10.0,78.564453125,2.0452191852148136,39.5263671875,2.7965678372537446,0.5029654567345895,0.030586461856909348,0.009672288503369667,0.244140625,True
11.36,5,L5I,10.0,79.736328125,2.4446592910831493,38.8671875,2.25468710146441,0.48779412962353225,0.031034233464698156,0.00981388631858649,0.244140625,False
11.36,6,L6E,10.0,77.9052734375,1.6536410274085347,39.990234375,2.451692739452219,0.5137511423713844,0.03693925020936905,0.011681216572045787,0.244140625,False
11.36,7,L6I,10.0,78.4912109375,1.891980458587674,39.013671875,2.035481536570766,0.49753894204896065,0.03293760326002618,0.010415784696866996,0.244140625,True
11.61,0,L23E,10.0,78.4423828125,1.53569434185744,39.94140625,2.9949685749378827,0.5093876439836358,0.04020774570736941,0.012714805601614533,0.244140625,False
11.61,1,L23I,10.0,79.4921875,2.6249375108819555,39.4775390625,2.918476269974337,0.496693163718236,0.03359379807404392,0.01062329171697566,0.244140625,False
11.61,2,L4E,10.0,80.0537109375,2.340158607273602,39.990234375,2.4462841894287792,0.4999981488642252,0.03519020246573578,0.011128119111419846,0.244140625,True
11.61,3,L4I,10.0,79.4677734375,2.1753037767942156,40.771484375,2.1806251638955505,0.513659895673343,0.03566308892916862,0.011277658941330817,0.244140625,False
11.61,4,L5E,10.0,77.7099609375,2.5110772874217733,37.939453125,2.2704932281864334,0.4890659591242317,0.03880627863746951,0.012271622800953922,0.244140625,False
11.61,5,L5I,10.0,78.4912109375,0.721030482856012,39.3798828125,2.201932495687052,0.5017784225978035,0.029022491062448637,0.009177717512921778,0.244140625,True
11.61,6,L6E,10.0,79.052734375,2.239952352713382,39.55078125,2.563153604821553,0.5006091405485915,0.03484312793975173,0.011018364509426557,0.244140625,True
11.61,7,L6I,10.0,78.9794921875,1.9909065466674916,38.18359375,0.663136353758573,0.4837436720034042,0.014858414228745528,0.004698643138108996,0.244140625,False
11.86,0,L23E,10.0,79.2724609375,2.177738024333639,39.404296875,1.8313259347702089,0.4970197103613468,0.017174795861795152,0.005431147327170713,0.244140625,True
11.86,1,L23I,10.0,79.3701171875,2.37387616075434,40.185546875,2.447366855642186,0.5067379548557701,0.03458184114952096,0.01093573837146217,0.244140625,False
11.86,2,L4E,10.0,78.2958984375,2.0492628824388754,39.0869140625,2.2329934331244337,0.49969199454988156,0.03408520629460559,0.010778688640766186,0.244140625,True
11.86,3,L4I,10.0,77.490234375,1.566225484859298,38.7939453125,2.279953354401116,0.5006699872794649,0.028351254568509336,0.008965453895974378,0.244140625,True
11.86,4,L5E,10.0,78.857421875,1.794059870202523,38.57421875,1.794059870202523,0.4893865023084831,0.02533637435653136,0.00801206506173221,0.244140625,False
11.86,5,L5I,10.0,78.759765625,1.9673149893739348,40.8447265625,2.6296009331790535,0.5188226488457722,0.03496046202087203,0.011055468803776869,0.244140625,False
11.86,6,L6E,10.0,78.6865234375,2.81450835682707,39.6240234375,2.713880482398915,0.5046666680518763,0.045664864652818826,0.014440498134622164,0.244140625,False
11.86,7,L6I,10.0,78.2470703125,1.761463283033314,39.453125,1.8131539637543779,0.504352442360037,0.023788348137325062,0.0075225361886971116,0.244140625,False
12.12,0,L23E,10.0,78.7353515625,3.0520290678058557,39.794921875,2.809680420187511,0.5061695758562539,0.04187337254320782,0.013241523054929406,0.244140625,False
12.12,1,L23I,10.0,78.02734375,1.9706784983939207,38.1103515625,1.7771842614835596,0.4889632847096733,0.030952976685905763,0.009788190668955246,0.244140625,False
12.12,2,L4E,10.0,78.1982421875,1.756945737788847,38.5986328125,2.0537823712859997,0.49363238904830853,0.02472193216358627,0.007817761379710698,0.244140625,False
12.12,3,L4I,10.0,78.466796875,1.7911042506168342,39.5263671875,2.044085516497508,0.504116029697615,0.031487394896263565,0.00995718854573541,0.244140625,False
12.12,4,L5E,10.0,79.052734375,1.8189887462172538,40.966796875,1.7370433423770522,0.5185795278140553,0.027130151350669866,0.008579307153321029,0.244140625,False
12.12,5,L5I,10.0,78.41796875,1.8226259998918515,40.0146484375,2.215126816386891,0.5106574450748154,0.03327383892443205,0.010522111749877253,0.244140625,False
12.12,6,L6E,10.0,78.2470703125,2.7313942784567726,39.16015625,2.77218786034431,0.5007471222410935,0.035648774618112535,0.011273132358723481,0.244140625,True
12.12,7,L6I,10.0,77.83203125,1.3801085238085986,38.7451171875,1.2398135187899189,0.49792313770584107,0.017570022321882577,0.005556128907714903,0.244140625,True
12.37,0,L23E,10.0,79.4921875,1.4837109602966567,39.1845703125,2.6526702495127963,0.49312224581382,0.03485456462857285,0.011021981107983091,0.244140625,False
12.37,1,L23I,10.0,79.58984375,1.7829510335454626,38.525390625,1.120567348831934,0.48430462173514954,0.018896823246909947,0.005975700200185382,0.244140625,False
12.37,2,L4E,10.0,78.955078125,2.0432753680306273,38.623046875,2.749639622358334,0.48980890332914007,0.041762004972476154,0.01320630553683021,0.244140625,False
12.37,3,L4I,10.0,78.8818359375,2.7075282147268953,40.5029296875,1.7318886164715743,0.5137968989063812,0.023571510625071273,0.007453966146608447,0.244140625,False
12.37,4,L5E,10.0,78.759765625,2.3081011016110726,38.916015625,2.0270044021947577,0.4944478653812057,0.02880597001432554,0.009109247545578186,0.244140625,False
12.37,5,L5I,10.0,78.7109375,2.3081011016110726,38.4521484375,1.838724532502442,0.48914981352383524,0.03175390259095473,0.010041465678653896,0.244140625,False
12.37,6,L6E,10.0,79.0771484375,2.6431660260957157,38.623046875,2.248804787498567,0.4886042289160975,0.027107266200128325,0.008572070233290319,0.244140625,False
12.37,7,L6I,10.0,78.1005859375,2.0889524339700585,40.283203125,2.204787953148448,0.5160399537733646,0.03003049875562452,0.009496477533862574,0.244140625,False
12.63,0,L23E,10.0,81.7138671875,1.3908637100294352,39.74609375,2.8606040365332452,0.4865917459138277,0.03689961218345539,0.011668681927661791,0.244140625,False
12.63,1,L23I,10.0,79.8583984375,2.3960909497620895,40.0390625,2.895580546005403,0.5017325285569266,0.03833437603284297,0.012122394094515345,0.244140625,True
12.63,2,L4E,10.0,78.7841796875,1.8630558626676355,39.94140625,1.3868104429779162,0.5073437531568931,0.02410848336087591,0.007623771835263897,0.244140625,False
12.63,3,L4I,10.0,78.9306640625,2.4898886180854483,37.9150390625,1.4785688741466054,0.4810135785296078,0.028581124087829136,0.009038145020544243,0.244140625,False
12.63,4,L5E,10.0,80.4443359375,2.169206206911107,39.306640625,2.336051447657442,0.4888102097646795,0.029840215375521662,0.009436304645662513,0.244140625,False
12.63,5,L5I,10.0,78.125,1.6677979762304034,38.6474609375,1.993565965514279,0.49494143421286446,0.02872530703127892,0.0090837396706491,0.244140625,False
12.63,6,L6E,10.0,78.857421875,2.0619888442903527,38.6474609375,2.713880482398915,0.4908177325606699,0.04289184411089517,0.013563592043530847,0.244140625,False
12.63,7,L6I,10.0,79.39453125,2.3184077318449745,38.8427734375,1.9715184790374922,0.48983640072179097,0.03300065729572907,0.010435724133715667,0.244140625,False
12.88,0,L23E,10.0,78.466796875,2.2704932281864334,39.404296875,2.5791235637195813,0.5026365761538155,0.037041231122028034,0.011713465768232297,0.244140625,True
12.88,1,L23I,10.0,78.1005859375,2.1328757450972105,38.6474609375,2.3671710717051178,0.4950411403211635,0.031204461931295002,0.009867717286290881,0.244140625,False
12.88,2,L4E,10.0,79.2724609375,2.042789124728292,39.6240234375,2.0749559451409363,0.4999667425726015,0.02572180037202763,0.008133947469577367,0.244140625,True
12.88,3,L4I,10.0,78.3935546875,2.1698167349859347,39.501953125,1.8116923319458826,0.5040763041444403,0.023444067113293315,0.007413664969585563,0.244140625,False
12.88,4,L5E,10.0,78.61328125,1.2395464039492037,40.478515625,1.87633890455138,0.5151397153207099,0.02786912633630925,0.008812991562172096,0.244140625,False
12.88,5,L5I,10.0,79.0283203125,2.2406913914192654,39.453125,2.0754346522519636,0.49916820467203193,0.02049627715846081,0.006481491937482005,0.244140625,True
12.88,6,L6E,10.0,78.80859375,2.192135697569418,39.55078125,2.2316583985680483,0.5018228641747121,0.02379729644853098,0.007525365893159382,0.244140625,True
12.88,7,L6I,10.0,79.1748046875,2.6745503634962104,39.3310546875,2.337326855743537,0.49726692086593516,0.034116921137366044,0.0107887177546419,0.244140625,True
13.9,0,L23E,10.0,78.369140625,2.5990754268670755,38.037109375,2.1555772306176175,0.4855730108587773,0.02667573732664302,0.008435608821656298,0.244140625,False
13.9,1,L23I,10.0,79.931640625,2.5995849995465856,39.3310546875,2.8759586007680475,0.4923849579189764,0.03720354297837677,0.011764793283963501,0.244140625,False
13.9,2,L4E,10.0,79.638671875,2.161713244255728,38.8916015625,2.699198846518212,0.4884726471145787,0.0332031644358011,0.010499762514223103,0.244140625,False
13.9,3,L4I,10.0,78.41796875,2.002680783238545,39.6240234375,2.1409337176165772,0.5055616073900178,0.029713512512945895,0.00939623768248224,0.244140625,False
13.9,4,L5E,10.0,78.7109375,1.7309323530137264,39.5751953125,2.3259653746590803,0.5032972228483279,0.0365483006060424,0.011557587452360633,0.244140625,False
13.9,5,L5I,10.0,77.7587890625,1.303354278812416,39.892578125,2.4446592910831493,0.5129988136825016,0.029507313611766815,0.009331031864607252,0.244140625,False
13.9,6,L6E,10.0,79.0771484375,3.0285029772597123,39.2822265625,2.556556362871157,0.4968515489072036,0.02792662945464808,0.008831175644823388,0.244140625,False
13.9,7,L6I,10.0,78.3447265625,1.7994045567813222,40.478515625,2.1058455715671704,0.5165873712883349,0.02217264153980096,0.007011604900823399,0.244140625,False
13.14,0,L23E,10.0,78.4423828125,2.1316333534117162,40.0634765625,1.7883289208406616,0.5112637964816679,0.030851160104742443,0.009755993438950498,0.244140625,False
13.14,1,L23I,10.0,79.1015625,1.707045651318606,39.4775390625,3.2614076710960065,0.49866558739153694,0.03345669049747319,0.010579934494332716,0.244140625,True
13.14,2,L4E,10.0,78.8818359375,2.4615327091740777,38.57421875,2.6445437515091017,0.4891997970211226,0.032596984908237814,0.010308071716416624,0.244140625,False
13.14,3,L4I,10.0,78.7841796875,1.90870855382325,39.599609375,2.4163207760280776,0.5026137786073301,0.027519410031457612,0.0087024015563492,0.244140625,True
13.14,4,L5E,10.0,78.7841796875,2.0265142548288217,38.4765625,2.0754346522519636,0.4884512727764032,0.024771136957337188,0.00783332130171587,0.244140625,False
13.14,5,L5I,10.0,79.345703125,1.3020833333333333,39.1357421875,2.3446822961295903,0.4931738226531796,0.02760608740530344,0.008729811348644673,0.244140625,False
13.14,6,L6E,10.0,77.9541015625,1.6318710346710261,40.478515625,1.403897047711447,0.5194500066376309,0.020503535266662407,0.0064837871528241045,0.244140625,False
13.14,7,L6I,10.0,78.02734375,1.0046418855475887,39.3798828125,1.7072396227585047,0.5047623003645537,0.02248765247643215,0.007111220105585152,0.244140625,False
13.39,0,L23E,10.0,78.41796875,2.4570893841934676,39.4287109375,1.6845899694404665,0.5032942920752286,0.027388627014320707,0.008661044335007055,0.244140625,False
13.39,1,L23I,10.0,78.662109375,2.855969975436855,39.1845703125,2.217517349192499,0.49932444314529717,0.04244210660708623,0.013421372557407354,0.244140625,True
13.39,2,L4E,10.0,78.8818359375,1.641582229947222,39.4287109375,2.571537322481276,0.49971420146344503,0.028367042952479937,0.008970446621366417,0.244140625,True
13.39,3,L4I,10.0,78.5888671875,2.2477737998874825,39.6240234375,2.4898886180854483,0.5047857298220724,0.03791515209084463,0.01198982384387644,0.244140625,False
13.39,4,L5E,10.0,78.9306640625,2.5735968181142077,40.6005859375,2.347505174946433,0.5144164826244003,0.0252709624541627,0.00799138000197526,0.244140625,False
13.39,5,L5I,10.0,79.8828125,2.213182607214198,38.232421875,2.2646519701726677,0.4787475350574743,0.027526232970136736,0.008704559159005369,0.244140625,False
13.39,6,L6E,10.0,79.2724609375,2.341856014610372,39.0869140625,1.8680259138148225,0.49313873390980323,0.020502665178431512,0.006483512006766611,0.244140625,False
13.39,7,L6I,10.0,79.2236328125,1.936951535711573,39.0869140625,2.017999451392605,0.4938392748549004,0.032008313322685396,0.010121917415999793,0.244140625,False
13.64,0,L23E,10.0,78.857421875,2.3075271612561563,38.525390625,1.6227140078925153,0.489139285610041,0.02918004620205923,0.009227540822745307,0.244140625,False
13.64,1,L23I,10.0,79.150390625,2.0224250738293055,38.623046875,2.388755183457986,0.4886473705783675,0.03856460556850907,0.01219519906625013,0.244140625,False
13.64,2,L4E,10.0,78.8818359375,1.8104124361083158,39.94140625,1.8457347008248484,0.5065566698119766,0.025351947745320562,0.008016989799678333,0.244140625,False
13.64,3,L4I,10.0,79.443359375,2.5559086578715626,40.0390625,1.4095465556387348,0.504417995576671,0.022879942638533393,0.007235273147176811,0.244140625,False
13.64,4,L5E,10.0,77.490234375,1.3431432966001144,39.794921875,2.7669270833333335,0.5135771823952957,0.034831573971626846,0.011014710823897796,0.244140625,False
13.64,5,L5I,10.0,78.857421875,2.122136199610237,39.892578125,1.8564678870584468,0.5065222301052669,0.03334211938380146,0.010543703927006244,0.244140625,False
13.64,6,L6E,10.0,79.98046875,2.776961736551995,38.623046875,2.6714533125448345,0.4833588107857628,0.03606874033518262,0.011405937179236214,0.244140625,False
13.64,7,L6I,10.0,78.5888671875,1.4210112280429268,39.4287109375,2.0755941967540443,0.5017374019291002,0.025368276699840996,0.00802215346848772,0.244140625,True
14.15,0,L23E,10.0,77.880859375,1.8378238591530298,39.8193359375,2.4561458273279233,0.511185959887489,0.02677044998016719,0.008465559592493774,0.244140625,False
14.15,1,L23I,10.0,79.00390625,2.1102438812972584,39.7216796875,3.2081766792133326,0.5027538839239637,0.037768367429580264,0.011943406458359269,0.244140625,True
14.15,2,L4E,10.0,78.369140625,2.0230798982187586,40.673828125,2.0786232155888626,0.5197404938777218,0.03664875475115107,0.011589353842255477,0.244140625,False
14.15,3,L4I,10.0,79.4677734375,1.680654006190054,38.4033203125,1.9017563961255752,0.48341976363458167,0.025428483800097244,0.008041192625300104,0.244140625,False
14.15,4,L5E,10.0,79.052734375,2.661518531710752,40.0390625,2.0000334842845877,0.506929836580347,0.028977421993106562,0.009163465421807274,0.244140625,False
14.15,5,L5I,10.0,79.39453125,2.8698497104024994,39.794921875,2.452232938365782,0.5016605799153668,0.03358592176317145,0.010620801008784004,0.244140625,True
14.15,6,L6E,10.0,78.271484375,2.455471636151837,38.427734375,2.193343818739976,0.49142025599360784,0.03270391497514845,0.010341885972595805,0.244140625,False
14.15,7,L6I,10.0,77.8076171875,2.299044898194786,40.0146484375,2.8667326291205972,0.5148955893116967,0.04266842150642178,0.01349293961244056,0.244140625,False
14.41,0,L23E,10.0,78.7841796875,2.979115910308906,38.8427734375,2.1328757450972105,0.49335774212521566,0.02732873917694867,0.008642106137983316,0.244140625,False
14.41,1,L23I,10.0,79.00390625,2.229283029721866,39.0380859375,1.958035547869163,0.494545681542826,0.029276302534712473,0.009257979747785215,0.244140625,False
14.41,2,L4E,10.0,78.955078125,2.2529240199216507,39.6728515625,3.17539274334744,0.5020815196155661,0.03147561994737362,0.009953464979952982,0.244140625,True
14.41,3,L4I,10.0,78.857421875,2.5240987010531937,37.9638671875,2.2501296488767073,0.4820618235383714,0.0355374133079258,0.011237916820382422,0.244140625,False
14.41,4,L5E,10.0,79.443359375,2.699566860542217,38.623046875,2.4651621998899977,0.485954633331301,0.02143016005806627,0.006776811640545566,0.244140625,False
14.41,5,L5I,10.0,78.8818359375,2.14834502050014,39.794921875,2.7186349427880967,0.5045422312030052,0.03197141483509192,0.010110249089698709,0.244140625,False
14.41,6,L6E,10.0,77.7587890625,2.0238981307691875,39.5751953125,2.3794493017989,0.5094008143271631,0.03544051223234361,0.011207274009726436,0.244140625,False
14.41,7,L6I,10.0,79.2236328125,2.6351358819485964,41.015625,2.7955019591988393,0.5182579461369697,0.039814163390684755,0.012590343944865613,0.244140625,False
14.66,0,L23E,10.0,79.736328125,2.3138326751283795,38.8916015625,2.9657475865884377,0.4882643223611828,0.04211555395993185,0.01331810754331084,0.244140625,False
14.66,1,L23I,10.0,78.6865234375,2.9116605757802643,39.84375,2.5832288167176363,0.5066143844646565,0.0319551289286864,0.010105099033898531,0.244140625,False
14.66,2,L4E,10.0,77.63671875,1.695366752604139,39.5751953125,2.7075282147268953,0.509850473775877,0.03490835021594064,0.01103898960412031,0.244140625,False
14.66,3,L4I,10.0,78.3447265625,2.3822309830173953,38.818359375,3.0688000707950525,0.4956297411311287,0.03856015737351524,0.012193792423484423,0.244140625,False
14.66,4,L5E,10.0,78.7841796875,2.4142642741014013,39.0380859375,2.5094943429773733,0.49553250748822375,0.02882261236022767,0.009114510317444096,0.244140625,False
14.66,5,L5I,10.0,78.1494140625,1.5025616424378831,39.6484375,2.3898639118460485,0.5076948868446693,0.035319046957058974,0.011168863317074557,0.244140625,False
14.66,6,L6E,10.0,78.466796875,2.3337823344967346,39.6240234375,2.055716253420008,0.5053432183666944,0.029614349590953038,0.009364879613188737,0.244140625,False
14.66,7,L6I,10.0,78.61328125,2.2316583985680483,39.2822265625,2.027821051195375,0.500071715893321,0.029804922951837606,0.009425144201363585,0.244140625,True
14.92,0,L23E,10.0,79.2236328125,2.458301996580927,38.623046875,2.9019776072416303,0.4875085201260062,0.03308919285566744,0.01046372153604803,0.244140625,False
14.92,1,L23I,10.0,79.345703125,2.1684428050902063,39.2822265625,2.5094943429773733,0.4954766797719822,0.03530764190140905,0.011165256721805085,0.244140625,False
14.92,2,L4E,10.0,79.736328125,2.4581672914110086,38.3544921875,2.595122845991747,0.48127671709709796,0.03308905712138278,0.010463678613098416,0.244140625,False
14.92,3,L4I,10.0,79.8828125,1.7408518173334555,38.28125,1.6308561262858527,0.479269645464157,0.01896363866768582,0.005996829091432811,0.244140625,False
14.92,4,L5E,10.0,79.1259765625,2.957697589601552,39.6484375,2.8476096615892557,0.5019436736299878,0.044150000256445526,0.01396145595073859,0.244140625,True
14.92,5,L5I,10.0,78.61328125,2.752528405808555,39.8193359375,1.981570473901084,0.5068563986834225,0.026437858364400522,0.00836038488884395,0.244140625,False
14.92,6,L6E,10.0,78.7109375,2.3507472949063555,39.9169921875,2.0369451514947636,0.507475023354457,0.028396722218485593,0.008979832029352404,0.244140625,False
14.92,7,L6I,10.0,77.978515625,2.138302721343098,40.380859375,2.492945572727317,0.5181412528060936,0.03414196700598565,0.010796637953723431,0.244140625,False
15.17,0,L23E,10.0,78.9306640625,2.1191693766450723,38.9404296875,2.5063254548233225,0.4936616512928885,0.0344415874088054,0.010891386244360186,0.244140625,False
15.17,1,L23I,10.0,78.6865234375,1.986910744251833,37.646484375,1.7784880702666321,0.4786860328402286,0.02492223067700052,0.007881101331144181,0.244140625,False
15.17,2,L4E,10.0,78.22265625,1.2136296798377115,39.599609375,2.427259359675423,0.5064842009324492,0.034190239804699395,0.010811903153020058,0.244140625,False
15.17,3,L4I,10.0,79.7119140625,2.5637994794959904,40.2587890625,2.894322319000725,0.5059332188148329,0.04506431665716222,0.014250588183569786,0.244140625,False
15.17,4,L5E,10.0,79.2724609375,1.986910744251833,39.35546875,3.0073262932244766,0.4965217647597543,0.036933180962439825,0.011679297307647954,0.244140625,False
15.17,5,L5I,10.0,77.6123046875,1.6089836558350947,39.6240234375,2.3783357183510847,0.5109899312436236,0.03654123091450303,0.011555351819598709,0.244140625,False
15.17,6,L6E,10.0,77.9052734375,2.4962641034857813,39.6240234375,2.1034855511332844,0.5092307422279493,0.03369575992091348,0.010655534884030173,0.244140625,False
15.17,7,L6I,10.0,79.2724609375,2.183811772077,39.3310546875,1.5840945505379234,0.49627038063791984,0.018793721599970833,0.0059430965967011695,0.244140625,False
15.42,0,L23E,10.0,79.7119140625,1.9128677203032485,37.841796875,1.3858550102479168,0.47487169805785995,0.01775268292436331,0.005613891261976675,0.244140625,False
15.42,1,L23I,10.0,79.0771484375,2.4098712045699786,39.794921875,2.3614287318598484,0.5031989183905163,0.024518275895486864,0.007753359613014297,0.244140625,False
15.42,2,L4E,10.0,79.345703125,2.510945413499595,38.427734375,1.905756985639513,0.4848207432276346,0.02964164556741161,0.009373511358845479,0.244140625,False
15.42,3,L4I,10.0,77.7099609375,2.052492104237783,39.0625,3.088161777508183,0.5033030268920502,0.0464065856206576,0.014675050899289667,0.244140625,False
15.42,4,L5E,10.0,78.1494140625,2.538358150501959,39.0380859375,2.092120395198657,0.4994418969887701,0.01838741932283645,0.005814612535275409,0.244140625,True
15.42,5,L5I,10.0,77.8076171875,1.5183462072748566,40.0634765625,1.8856691644526273,0.5150731069024538,0.02600416574344519,0.008223239240181257,0.244140625,False
15.42,6,L6E,10.0,79.736328125,2.4146757146032836,39.9169921875,2.458301996580927,0.5010004036843427,0.03383730645197227,0.010700295827334326,0.244140625,True
15.42,7,L6I,10.0,78.61328125,2.6495476230631034,38.9404296875,2.774695169471406,0.49627863799605426,0.0444344128039062,0.014051395095249235,0.244140625,False
15.68,0,L23E,10.0,78.9794921875,2.141552305817182,38.232421875,2.403679866418959,0.48416906676628974,0.0292497433929343,0.00924958100971338,0.244140625,False
15.68,1,L23I,10.0,78.0029296875,2.0466758365819158,39.013671875,2.4163207760280776,0.5006879902108357,0.03774828108010874,0.011937054596938456,0.244140625,True
15.68,2,L4E,10.0,79.541015625,1.6429936501686053,38.8427734375,3.0481206624446027,0.48865209566455486,0.040929520247440544,0.012943050751989059,0.244140625,False
15.68,3,L4I,10.0,79.150390625,1.7710248058249276,38.3544921875,1.6130945047830334,0.4846870450159969,0.020587793480947216,0.006510431939695957,0.244140625,False
15.68,4,L5E,10.0,77.44140625,1.3656365210548849,38.3056640625,2.7415589919198817,0.4949415501794343,0.03864489043725813,0.0122205873709396,0.244140625,False
15.68,5,L5I,10.0,78.41796875,1.3801085238085986,38.37890625,1.9490517421774354,0.48951400505953496,0.025475557390906407,0.008056078601760077,0.244140625,False
15.68,6,L6E,10.0,79.5654296875,3.206937841474049,39.892578125,2.0237345107252023,0.5016878488430051,0.024234353017233663,0.007663575315503216,0.244140625,True
15.68,7,L6I,10.0,78.2958984375,1.5139781136229111,39.453125,1.8777502164504667,0.5038759610652059,0.021331556182891207,0.0067456303573783525,0.244140625,False
15.93,0,L23E,10.0,79.3212890625,2.3458118552923697,40.625,2.6749217686448747,0.512618766145609,0.03824197487531999,0.012093174282894484,0.244140625,False
15.93,1,L23I,10.0,78.3935546875,2.172866802185945,39.2822265625,2.181991422964819,0.5017412818718782,0.03603161140481322,0.011394195980530904,0.244140625,True
15.93,2,L4E,10.0,78.1005859375,2.244825511892597,40.52734375,1.8486029771485266,0.5193291072064081,0.02830454507420327,0.008950683056938193,0.244140625,False
15.93,3,L4I,10.0,79.2724609375,2.596653591020249,38.6962890625,2.217517349192499,0.48904312246573883,0.03922908587547652,0.012405326189284631,0.244140625,False
15.93,4,L5E,10.0,79.19921875,2.529864482776751,38.7939453125,2.917114405098516,0.49036262803187036,0.04085860758268943,0.012920626198432513,0.244140625,False
15.93,5,L5I,10.0,79.5654296875,3.0241262093433594,39.3798828125,1.848782096666136,0.4957405197583937,0.032593861756636464,0.010307084089162798,0.244140625,False
15.93,6,L6E,10.0,77.5390625,1.4657476956275297,41.015625,2.6793746147712123,0.528927442841564,0.03255404807691527,0.010294493898167653,0.244140625,False
15.93,7,L6I,10.0,78.1982421875,2.065358502639543,39.74609375,2.355250646342413,0.5084319847611736,0.030354890613537563,0.009599059246404466,0.244140625,False
16.19,0,L23E,10.0,79.3701171875,2.5591455435660073,39.599609375,2.9741098306330196,0.4997540155791544,0.045207341788568056,0.014295816701358518,0.244140625,True
16.19,1,L23I,10.0,79.1748046875,2.6869028694691366,40.1123046875,2.381118700485409,0.506991170280722,0.03233152548513653,0.010224126076081187,0.244140625,False
16.19,2,L4E,10.0,78.271484375,1.7078214048925358,39.7216796875,2.786128419733802,0.5079060303875109,0.04014859668595451,0.012696101038710416,0.244140625,False
16.19,3,L4I,10.0,78.4423828125,1.7072396227585047,39.84375,2.360867755790201,0.5080923414447877,0.030922924044858982,0.009778687189414118,0.244140625,False
16.19,4,L5E,10.0,79.5654296875,2.579765440129738,39.697265625,2.052976049409967,0.49981612054109875,0.03790528369784968,0.011986703184005468,0.244140625,True
16.19,5,L5I,10.0,78.0517578125,1.6838035128292377,39.9169921875,2.4957334350904388,0.5119533001056107,0.039207032122553935,0.012398352180265634,0.244140625,False
16.19,6,L6E,10.0,78.4423828125,2.0166862907190484,40.1611328125,2.2967392239046363,0.5121683501289186,0.029725354316663746,0.009399982389617546,0.244140625,False
16.19,7,L6I,10.0,78.125,1.8628781156021479,40.0390625,2.6645028554272296,0.5127741153206637,0.03635054729735045,0.011495052365330537,0.244140625,False
16.44,0,L23E,10.0,78.4423828125,1.8912802437381604,38.7939453125,2.7823225565454424,0.49481037130842154,0.03737336958361119,0.011818497171947006,0.244140625,False
16.44,1,L23I,10.0,79.150390625,2.3942936912022517,40.3564453125,2.430667571862283,0.5101246717259225,0.03120512752279348,0.009867927764803526,0.244140625,False
16.44,2,L4E,10.0,77.4658203125,1.660036568909119,38.96484375,1.8812738641666522,0.5034235136981307,0.030755633889963618,0.009725785397454945,0.244140625,False
16.44,3,L4I,10.0,80.76171875,2.4053324481655163,38.6474609375,2.5581101857635167,0.47851934328847473,0.027849779096162822,0.008806873427642001,0.244140625,False
16.44,4,L5E,10.0,79.4921875,2.9459185798824916,38.0615234375,2.9329634823418007,0.4791539192419637,0.03712411083863177,0.011739674635862004,0.244140625,False
16.44,5,L5I,10.0,79.4677734375,2.23832560863852,40.087890625,1.7484438804682012,0.5050468318085304,0.030826780882203732,0.009748284051869853,0.244140625,False
16.44,6,L6E,10.0,80.0537109375,2.4882921943576903,39.6484375,2.3619895746968407,0.4956211433214639,0.031430972805982914,0.009939346314171961,0.244140625,False
16.44,7,L6I,10.0,78.4423828125,1.1511776298669918,40.185546875,2.072241182669497,0.5123658938751516,0.02667054169321143,0.008433965818103184,0.244140625,False
16.69,0,L23E,10.0,78.7841796875,2.0908537867004195,39.306640625,3.0077667012656786,0.49910514342214485,0.038627542830225146,0.012215101575921823,0.244140625,True
16.69,1,L23I,10.0,81.0546875,2.192739841358639,39.599609375,2.8044899741357985,0.48855347185731385,0.03216995230071959,0.010173032148924791,0.244140625,False
16.69,2,L4E,10.0,79.8095703125,1.6576411324968707,40.13671875,2.0690427841237895,0.5035308681541029,0.035361166657604505,0.011182182735883367,0.244140625,False
16.69,3,L4I,10.0,78.9306640625,2.6521708763439302,40.3076171875,2.1514255282775885,0.5110631262300844,0.029672189346691243,0.00938317014993279,0.244140625,False
16.69,4,L5E,10.0,79.0771484375,2.288651071722197,38.96484375,2.545522964130514,0.4930862666657381,0.03503605488089146,0.011079373365027637,0.244140625,False
16.69,5,L5I,10.0,77.978515625,2.2763194970113396,39.5751953125,2.48296336889369,0.5078277031599575,0.03429153326514289,0.010843934957728221,0.244140625,False
16.69,6,L6E,10.0,78.369140625,1.9326728657288277,39.599609375,2.3859811084500735,0.5053111834121526,0.028217522401157973,0.008923164071448266,0.244140625,False
16.69,7,L6I,10.0,78.515625,2.347928314044702,40.0390625,2.146957349979316,0.5103404416136372,0.030933546721584368,0.009782046374744105,0.244140625,False
16.95,0,L23E,10.0,80.078125,2.7812512191788836,38.0126953125,2.826249223570558,0.4749420895288625,0.035027020981944795,0.011076516595345311,0.244140625,False
16.95,1,L23I,10.0,78.564453125,1.4952713643041473,37.841796875,1.3762642029042775,0.48176422623635656,0.018114964742705054,0.005728454832059402,0.244140625,False
16.95,2,L4E,10.0,78.9306640625,2.3949851041050527,37.939453125,1.9571897806715381,0.48099038633342434,0.02730374427993056,0.008634202057537458,0.244140625,False
16.95,3,L4I,10.0,80.2734375,2.641536878732858,39.4287109375,2.2880722525243407,0.4913574728684537,0.027405894166872405,0.00866650468808395,0.244140625,False
16.95,4,L5E,10.0,78.466796875,1.7039391052477084,39.404296875,2.6097555587323953,0.5021133015277324,0.03030922915418274,0.009584619825119621,0.244140625,True
16.95,5,L5I,10.0,78.271484375,2.5559086578715626,38.232421875,2.2023836035203135,0.48875818049637043,0.029389514677524077,0.009293780570792507,0.244140625,False
16.95,6,L6E,10.0,80.224609375,3.1501604850025817,39.7705078125,3.148583328071394,0.49647653435082395,0.04489396249234377,0.014196717466597585,0.244140625,False
16.95,7,L6I,10.0,79.1259765625,2.27413639542825,38.9404296875,1.9335293571804562,0.49252562337808276,0.02870451182436244,0.009077163648822044,0.244140625,False
17.2,0,L23E,10.0,78.90625,2.58835122669894,40.4541015625,2.4469609119484126,0.5133589134928174,0.03765601272991999,0.011907876782684209,0.244140625,False
17.2,1,L23I,10.0,78.9306640625,2.0492628824388754,39.5263671875,2.8318675494474297,0.5007548505796968,0.03284152781734377,0.01038540297425846,0.244140625,True
17.2,2,L4E,10.0,79.39453125,1.7023837063792815,39.453125,2.367590696089607,0.49683711632261457,0.026322927720179693,0.008324040627975121,0.244140625,False
17.2,3,L4I,10.0,79.4189453125,2.2258639959567694,39.892578125,2.138302721343098,0.5022680750579243,0.021793791306822942,0.006891801937993801,0.244140625,True
17.2,4,L5E,10.0,80.5908203125,2.48296336889369,39.4287109375,2.8500506197652116,0.48976308577172223,0.04014082463076339,0.01269364329905997,0.244140625,False
17.2,5,L5I,10.0,78.02734375,1.3182589017784236,40.2099609375,2.1409337176165772,0.5153138841140079,0.025494441628341476,0.0080620503219771,0.244140625,False
17.2,6,L6E,10.0,79.4921875,1.6804569660338942,39.2578125,2.002680783238545,0.4942671152733036,0.03133564030093388,0.009909199529071516,0.244140625,False
17.2,7,L6I,10.0,77.978515625,2.223333504756404,40.6005859375,2.0813296537332144,0.5211295816297706,0.03224651285032338,0.010197242720491018,0.244140625,False
17.46,0,L23E,10.0,77.9541015625,1.7265267193415714,38.818359375,2.5371838001497227,0.4981209944649712,0.03373329957921042,0.010667405966310448,0.244140625,True
17.46,1,L23I,10.0,79.248046875,2.0204593273024383,37.841796875,2.6917049818589236,0.47749598289755585,0.03125402218484524,0.009883389614554303,0.244140625,False
17.46,2,L4E,10.0,79.736328125,2.7361183058831835,38.818359375,2.4196075435088713,0.4868841967360512,0.02646739140425073,0.008369724056059466,0.244140625,False
17.46,3,L4I,10.0,80.0048828125,2.3559535174214585,38.330078125,0.9966999278902905,0.47952724935420843,0.02059097296132942,0.006511437379674316,0.244140625,False
17.46,4,L5E,10.0,78.564453125,2.0289638075843,37.6708984375,0.8223026093143964,0.4797008077351899,0.013455496408677698,0.004255001569963734,0.244140625,False
17.46,5,L5I,10.0,77.5390625,1.6606348881099882,38.671875,1.5577455877611197,0.4991010963082359,0.026282666064551548,0.008311308774559692,0.244140625,True
17.46,6,L6E,10.0,78.0029296875,1.8096806606394114,39.7705078125,2.037595309555206,0.5098511439453696,0.023274743098636554,0.007360120014697653,0.244140625,False
17.46,7,L6I,10.0,79.00390625,2.1196380984504826,39.0625,2.394846837493841,0.49484217324717,0.03455777021033954,0.010928126472138902,0.244140625,False
17.71,0,L23E,10.0,78.7841796875,2.272971217231906,39.16015625,1.5996956217845852,0.49725193296785075,0.02061683058121464,0.0065196142770451325,0.244140625,True
17.71,1,L23I,10.0,79.345703125,2.555390375668552,38.8427734375,2.398853333605151,0.49001271652271744,0.034789975997462266,0.011001556389456905,0.244140625,False
17.71,2,L4E,10.0,79.8095703125,1.896176317650268,39.84375,2.732727523286141,0.4999684074016132,0.042894656793582175,0.01356448149189347,0.244140625,True
17.71,3,L4I,10.0,78.2470703125,2.900722155049091,38.76953125,2.6465464354398236,0.4959495083948117,0.036560662170825264,0.01156149652237639,0.244140625,False
17.71,4,L5E,10.0,79.0771484375,1.5882698201693246,40.6005859375,2.679498199311061,0.5137480830977518,0.037268212920139904,0.011785243715175697,0.244140625,False
17.71,5,L5I,10.0,79.00390625,2.0754346522519636,39.16015625,2.244087834664604,0.4957919907739785,0.02761638011613943,0.008733066189598595,0.244140625,False
17.71,6,L6E,10.0,80.2490234375,1.7303583412741774,38.623046875,2.0741578544367174,0.48164369456100553,0.0309137046883621,0.009775771772904996,0.244140625,False
17.71,7,L6I,10.0,80.2001953125,2.4148128458590152,39.2333984375,1.6480245690721056,0.48978887328608217,0.02894771530778369,0.009154071343071857,0.244140625,False
17.97,0,L23E,10.0,79.2724609375,2.00350734680638,36.81640625,2.222141688265106,0.4650165359755243,0.03631154321966546,0.011482718192978667,0.244140625,False
17.97,1,L23I,10.0,79.7607421875,2.4005092380823276,38.3544921875,2.1297684069887097,0.48118665627066326,0.029145146839218622,0.009216504675198809,0.244140625,False
17.97,2,L4E,10.0,80.2978515625,2.4561458273279233,39.5263671875,2.729453850698522,0.49300738034195496,0.042075151718399144,0.01330533123272888,0.244140625,False
17.97,3,L4I,10.0,78.0517578125,1.993565965514279,41.2109375,2.207189683657009,0.5284160742841493,0.03326768740116841,0.01052016646741799,0.244140625,False
17.97,4,L5E,10.0,78.8818359375,2.485629209653897,39.74609375,2.4705294220065466,0.5046397712514276,0.03957320788785422,0.012514147124496049,0.244140625,False
17.97,5,L5I,10.0,79.3212890625,2.3202637718327304,39.5263671875,1.7920284053920237,0.498888222256893,0.030609795510680923,0.009679667252574863,0.244140625,True
17.97,6,L6E,10.0,79.1748046875,2.4952026538349483,40.0390625,2.2405436031797206,0.5058959621335066,0.02767808718919228,0.008752579679457535,0.244140625,False
17.97,7,L6I,10.0,78.4912109375,1.6845899694404665,39.599609375,3.074836777625542,0.5048819885946428,0.042838570819436844,0.013546745549584615,0.244140625,False
18.22,0,L23E,10.0,78.955078125,2.699566860542217,37.744140625,1.7612752833227585,0.4784404514232697,0.025110727908285932,0.007940709389493926,0.244140625,False
18.22,1,L23I,10.0,79.39453125,2.1370634846575327,39.6240234375,3.12451252843994,0.4998288909082246,0.04673530830374491,0.014779002139001426,0.244140625,True
18.22,2,L4E,10.0,79.58984375,2.2757375413589784,40.3076171875,2.9977314106898225,0.506573577403549,0.037030838367172955,0.011710179290581713,0.244140625,False
18.22,3,L4I,10.0,78.5888671875,2.2712223291423146,39.2822265625,2.9955213459462513,0.5004922366992111,0.044120939943547946,0.013952266272911238,0.244140625,True
18.22,4,L5E,10.0,80.4443359375,2.091487186832096,39.3798828125,3.0775279129212736,0.4903918898689611,0.047360174253478285,0.014976602102345603,0.244140625,False
18.22,5,L5I,10.0,79.2236328125,2.9972895281091954,39.1845703125,1.9266667646080264,0.4951330504917292,0.029111772593179364,0.009205950811931318,0.244140625,False
18.22,6,L6E,10.0,79.2724609375,2.0908537867004195,40.3076171875,2.439913823355212,0.508761179154802,0.03295442298666112,0.010421103561445776,0.244140625,False
18.22,7,L6I,10.0,78.8330078125,2.9307045760591066,39.1357421875,2.422479806944245,0.4976145537723012,0.043698468633447805,0.013818669114312064,0.244140625,True
18.47,0,L23E,10.0,78.41796875,2.0322252850271627,40.0634765625,1.7471176509699733,0.5112788962909047,0.02782811130679465,0.00880002147101558,0.244140625,False
18.47,1,L23I,10.0,78.9794921875,2.4120687394659717,39.35546875,2.616345221016943,0.49912724105602313,0.0421616388616192,0.013332680868818537,0.244140625,True
18.47,2,L4E,10.0,78.90625,2.3040805168211445,39.1357421875,2.591547591406503,0.4964034836438563,0.03643798933861,0.011522703966693996,0.244140625,False
18.47,3,L4I,10.0,78.466796875,2.74578318340252,38.4033203125,2.281695550290387,0.4902568133151832,0.03865912976126872,0.01222509024056106,0.244140625,False
18.47,4,L5E,10.0,79.736328125,2.367590696089607,40.6005859375,2.422479806944245,0.5092240400559165,0.027671517780359478,0.008750502249978287,0.244140625,False
18.47,5,L5I,10.0,79.8828125,2.4971925018243057,38.7939453125,2.6903514077579036,0.4861579010265157,0.038761448600279816,0.012257446298442975,0.244140625,False
18.47,6,L6E,10.0,80.1025390625,3.0241262093433594,40.771484375,2.266990279489603,0.5095929173908237,0.03414364147404895,0.010797167467018354,0.244140625,False
18.47,7,L6I,10.0,78.5400390625,2.275883044222933,38.57421875,2.316121333131137,0.49150253748136674,0.03292398140468433,0.01041147708798324,0.244140625,False
18.73,0,L23E,10.0,78.7353515625,2.420291724928882,38.9404296875,2.4636841639356453,0.49517730094956053,0.03754020245485824,0.011871254358119638,0.244140625,False
18.73,1,L23I,10.0,78.271484375,2.3366183816416797,37.98828125,1.4151735103700624,0.4858319942563617,0.025613744055827285,0.008099777062101323,0.244140625,False
18.73,2,L4E,10.0,79.4677734375,2.3565156633415136,40.2099609375,3.31578163722164,0.5065521953070968,0.046246719083822385,0.014624496661485418,0.244140625,False
18.73,3,L4I,10.0,77.587890625,1.403897047711447,38.9404296875,1.8849666051270295,0.5022171929939677,0.029350616976799106,0.009281480037789058,0.244140625,True
18.73,4,L5E,10.0,79.58984375,2.146957349979316,38.6474609375,2.4523679695015006,0.4860306923291309,0.03544111950537027,0.011207466046319019,0.244140625,False
18.73,5,L5I,10.0,79.0283203125,2.8003543402485502,40.9912109375,2.882858703298163,0.5190190045893461,0.03697163300276644,0.011691456910459226,0.244140625,False
18.73,6,L6E,10.0,80.322265625,2.728361753619826,39.1845703125,2.460994551601146,0.4883816816132443,0.03485712844667393,0.011022791858453668,0.244140625,False
18.73,7,L6I,10.0,79.0771484375,2.5643160621084253,39.9658203125,2.8426049690469575,0.5061604863523841,0.04354593314149636,0.013770433156453979,0.244140625,False
18.98,0,L23E,10.0,77.83203125,1.200461517876678,38.525390625,2.764053348353357,0.49524724761693434,0.03888707109708891,0.012297171619970371,0.244140625,False
18.98,1,L23I,10.0,76.953125,0.9819728599608305,38.671875,2.963848864606781,0.5027321119968204,0.04095749055278217,0.01295189573916205,0.244140625,True
18.98,2,L4E,10.0,79.150390625,2.272242677446778,39.9658203125,3.365344674941195,0.5048379833577477,0.03891467354381168,0.012305900280034112,0.244140625,False
18.98,3,L4I,10.0,79.8095703125,2.595122845991747,38.1591796875,1.7303583412741774,0.47862756466712303,0.027529551362020302,0.008705608526657478,0.244140625,False
18.98,4,L5E,10.0,79.8828125,2.3859811084500735,40.0634765625,2.67058549466047,0.5023066089380441,0.041967439682857016,0.013271269696356267,0.244140625,True
18.98,5,L5I,10.0,79.7607421875,2.5735968181142077,39.55078125,1.5696046160470305,0.4963150076147979,0.024787918600468414,0.00783862812323335,0.244140625,False
18.98,6,L6E,10.0,79.4677734375,2.030432120747827,40.7958984375,2.4453364632772634,0.5138913862386549,0.03733315924561616,0.011805781546592056,0.244140625,False
18.98,7,L6I,10.0,79.248046875,2.8707726400646933,38.7451171875,1.4560008696808506,0.48937283102921736,0.02275250497047445,0.007194973818100137,0.244140625,False
19.24,0,L23E,10.0,78.7109375,2.0690427841237895,38.2080078125,2.178346161185575,0.4853944417690874,0.023927543534308465,0.007566553638125,0.244140625,False
19.24,1,L23I,10.0,78.6376953125,1.821353787342236,37.6708984375,2.386674929485545,0.47925347641261784,0.03174464079300321,0.010038536840978387,0.244140625,False
19.24,2,L4E,10.0,77.880859375,1.5181281010886742,39.4287109375,2.5430501289062084,0.5065970746727868,0.03683527524080174,0.011648336800014076,0.244140625,False
19.24,3,L4I,10.0,78.6865234375,2.713880482398915,38.037109375,1.6709717145456509,0.48366075127420205,0.02154475650729207,0.006813050219677703,0.244140625,False
19.24,4,L5E,10.0,78.515625,2.0006956374178704,38.8427734375,2.678014808424548,0.4954725846526536,0.04324817641746507,0.01367627421279707,0.244140625,False
19.24,5,L5I,10.0,79.5654296875,2.527900352813123,39.4287109375,2.226458987679761,0.495637697971094,0.025082882733720863,0.007931903972146865,0.244140625,False
19.24,6,L6E,10.0,79.19921875,2.4796270375798377,39.6240234375,2.3305166136931446,0.500995646820094,0.03721039895838037,0.011766961335203895,0.244140625,True
19.24,7,L6I,10.0,79.4921875,2.273408229037892,39.5751953125,2.770395535943884,0.49821299454275847,0.03756107565254907,0.011877855042795035,0.244140625,True
19.49,0,L23E,10.0,79.443359375,2.9028903223474636,38.8671875,2.688750850752826,0.48948592511294675,0.03253982163986049,0.010289995103759442,0.244140625,False
19.49,1,L23I,10.0,78.3935546875,2.448043278876031,39.501953125,2.9607189034029298,0.5048030192055246,0.046802984752542895,0.014800403311216768,0.244140625,False
19.49,2,L4E,10.0,79.0283203125,2.730909300775667,38.1103515625,2.587455536997311,0.4829107629681121,0.03918722923077094,0.012392089956036424,0.244140625,False
19.49,3,L4I,10.0,78.0029296875,1.4659735949423682,38.9892578125,1.664021299963529,0.4999045228038024,0.02079004249497818,0.006574388693582078,0.244140625,True
19.49,4,L5E,10.0,80.2001953125,2.166150985385118,38.8916015625,2.5005053963026107,0.48508690148441136,0.03132694491400716,0.009906449806289026,0.244140625,False
19.49,5,L5I,10.0,78.61328125,2.5345721846349996,38.76953125,2.1586474176608537,0.4939361155078267,0.0372521231191052,0.011780155673338838,0.244140625,False
19.49,6,L6E,10.0,77.5634765625,1.4422905749747978,39.6484375,2.190322266377281,0.5111076934623181,0.02520801184341566,0.007971473270969327,0.244140625,False
19.49,7,L6I,10.0,78.41796875,1.989409061275719,38.818359375,2.350183769237248,0.49489293468172224,0.024467201944381733,0.007737208611554669,0.244140625,False
19.75,0,L23E,10.0,78.90625,1.800692276815017,37.6953125,2.0944932216335173,0.47795543916750044,0.0290658498673749,0.00919142877094077,0.244140625,False
19.75,1,L23I,10.0,78.2470703125,2.293853871981674,38.37890625,3.029268261492667,0.4912375729195498,0.04596806727608206,0.014536379222827142,0.244140625,False
19.75,2,L4E,10.0,78.955078125,2.2879275248444766,39.16015625,2.8406239376105766,0.4957930442685452,0.02945636173103731,0.009314919465189805,0.244140625,False
19.75,3,L4I,10.0,79.00390625,2.0626311083907405,40.3564453125,2.4142642741014013,0.5111605250667047,0.0336724147116653,0.010648152480662426,0.244140625,False
19.75,4,L5E,10.0,78.90625,2.3636713047601634,39.111328125,2.080534007978489,0.49588821191895766,0.02694071947545095,0.008519403534608172,0.244140625,False
19.75,5,L5I,10.0,77.7587890625,1.9403676786403588,39.6484375,2.779345599757365,0.510264325430982,0.03937832039264401,0.012452518287261106,0.244140625,False
19.75,6,L6E,10.0,78.564453125,1.7970106285619172,40.087890625,2.0932280489287467,0.5103033465985669,0.02499888815215647,0.007905342553261236,0.244140625,False
19.75,7,L6I,10.0,78.759765625,2.1842666223139062,38.7451171875,2.1409337176165772,0.49242369668401587,0.03271133915432194,0.010344233704190348,0.244140625,False
20.0,0,L23E,10.0,79.8095703125,2.9844464731229263,38.330078125,2.237585788552656,0.4805545667823667,0.02782728687488817,0.00879976076275556,0.244140625,False
20.0,1,L23I,10.0,79.1748046875,2.5941018474881825,39.697265625,3.0323274670375326,0.5021621572917454,0.04543411478492493,0.014367528619389397,0.244140625,True
20.0,2,L4E,10.0,79.052734375,2.3383183588630168,37.841796875,2.4332546203981207,0.4789366031579321,0.03153064378682296,0.009970865045779714,0.244140625,False
20.0,3,L4I,10.0,79.9560546875,2.452908019710536,40.0634765625,2.0794195924678527,0.5017897516587515,0.03559364494848124,0.01125569882645473,0.244140625,True
20.0,4,L5E,10.0,78.515625,2.1475742031309557,39.35546875,2.239952352713382,0.501309718676825,0.026181925411349984,0.008279451782850685,0.244140625,True
20.0,5,L5I,10.0,78.759765625,1.6120677753143728,39.6728515625,2.217517349192499,0.5039090426049656,0.030159041868212232,0.009537126435193036,0.244140625,False
20.0,6,L6E,10.0,79.9560546875,2.8961522866657297,39.404296875,2.208389569412206,0.4933473506478423,0.03164341980416884,0.010006527953805279,0.244140625,False
20.0,7,L6I,10.0,79.0771484375,2.7965678372537446,40.33203125,2.5934635193091524,0.5111748580497294,0.04487409424013047,0.01419043457358551,0.244140625,False
